{"cameraMode":{"drawMode":0,"name":"Shaded","section":"Shading Mode"},"sceneLighting":true,"audioPlay":false,"sceneViewState":{"m_AlwaysRefresh":false,"showFog":true,"showSkybox":true,"showFlares":true,"showImageEffects":true,"showParticleSystems":true,"showVisualEffectGraphs":true,"m_FxEnabled":true},"in2DMode":false,"pivot":{"x":7.1406025886535648,"y":3.9030778408050539,"z":-5.630265712738037},"rotation":{"x":0.08534799516201019,"y":-0.033471737056970599,"z":0.0028684306889772417,"w":0.9957877397537231},"size":1.3959039449691773,"orthographic":false}